Sample,Dog_ID,Unique_Reads,Duplicate_Reads,Total_reads
1AdC-16S_S2_L001_R1_001,CH001,4857.0,18443.0,23300.0
1AdC-16S_S2_L001_R2_001,CH001,7809.0,15491.0,23300.0
1AdS-16S_S1_L001_R1_001,CH001,2534.0,8339.0,10873.0
1AdS-16S_S1_L001_R2_001,CH001,4207.0,6666.0,10873.0
1D14C-16S_S14_L001_R1_001,CH001,9010.0,58214.0,67224.0
1D14C-16S_S14_L001_R2_001,CH001,14734.0,52490.0,67224.0
1D14S-16S_S13_L001_R1_001,CH001,6396.0,32648.0,39044.0
1D14S-16S_S13_L001_R2_001,CH001,9750.0,29294.0,39044.0
1D1C-16S_S8_L001_R1_001,CH001,6392.0,37868.0,44260.0
1D1C-16S_S8_L001_R2_001,CH001,10974.0,33286.0,44260.0
1D1S-16S_S7_L001_R1_001,CH001,4509.0,31935.0,36444.0
1D1S-16S_S7_L001_R2_001,CH001,8872.0,27572.0,36444.0
1D21C-16S_S16_L001_R1_001,CH001,3427.0,33075.0,36502.0
1D21C-16S_S16_L001_R2_001,CH001,6703.0,29799.0,36502.0
1D21S-16S_S15_L001_R1_001,CH001,4850.0,48773.0,53623.0
1D21S-16S_S15_L001_R2_001,CH001,9637.0,43986.0,53623.0
1D28C-16S_S18_L001_R1_001,CH001,7887.0,58076.0,65963.0
1D28C-16S_S18_L001_R2_001,CH001,12983.0,52980.0,65963.0
1D28S-16S_S17_L001_R1_001,CH001,7811.0,60989.0,68800.0
1D28S-16S_S17_L001_R2_001,CH001,14229.0,54571.0,68800.0
1D35C-16S_S20_L001_R1_001,CH001,7621.0,48693.0,56314.0
1D35C-16S_S20_L001_R2_001,CH001,12171.0,44143.0,56314.0
1D35S-16S_S19_L001_R1_001,CH001,7525.0,40819.0,48344.0
1D35S-16S_S19_L001_R2_001,CH001,11796.0,36548.0,48344.0
1D3C-16S_S10_L001_R1_001,CH001,6770.0,40165.0,46935.0
1D3C-16S_S10_L001_R2_001,CH001,11361.0,35574.0,46935.0
1D3S-16S_S9_L001_R1_001,CH001,7202.0,47080.0,54282.0
1D3S-16S_S9_L001_R2_001,CH001,11344.0,42938.0,54282.0
1D42C-16S_S22_L001_R1_001,CH001,9209.0,67729.0,76938.0
1D42C-16S_S22_L001_R2_001,CH001,16756.0,60182.0,76938.0
1D42S-16S_S21_L001_R1_001,CH001,8307.0,50497.0,58804.0
1D42S-16S_S21_L001_R2_001,CH001,13941.0,44863.0,58804.0
1D7C-16S_S12_L001_R1_001,CH001,3611.0,16866.0,20477.0
1D7C-16S_S12_L001_R2_001,CH001,6173.0,14304.0,20477.0
1D7S-16S_S11_L001_R1_001,CH001,3948.0,18241.0,22189.0
1D7S-16S_S11_L001_R2_001,CH001,6829.0,15360.0,22189.0
1PostC-16S_S6_L001_R1_001,CH001,7057.0,37002.0,44059.0
1PostC-16S_S6_L001_R2_001,CH001,11090.0,32969.0,44059.0
1PostS-16S_S5_L001_R1_001,CH001,6951.0,33697.0,40648.0
1PostS-16S_S5_L001_R2_001,CH001,10291.0,30357.0,40648.0
1PreC-16S_S4_L001_R1_001,CH001,6445.0,36835.0,43280.0
1PreC-16S_S4_L001_R2_001,CH001,10643.0,32637.0,43280.0
1PreS-16S_S3_L001_R1_001,CH001,4956.0,31014.0,35970.0
1PreS-16S_S3_L001_R2_001,CH001,9030.0,26940.0,35970.0
3AdC-16S_S27_L001_R1_001,CH003,6696.0,40498.0,47194.0
3AdC-16S_S27_L001_R2_001,CH003,18120.0,29074.0,47194.0
3AdS-16S_S26_L001_R1_001,CH003,2111.0,10435.0,12546.0
3AdS-16S_S26_L001_R2_001,CH003,3643.0,8903.0,12546.0
3D14C-16S_S39_L001_R1_001,CH003,6309.0,37305.0,43614.0
3D14C-16S_S39_L001_R2_001,CH003,11622.0,31992.0,43614.0
3D14S-16S_S38_L001_R1_001,CH003,2209.0,7898.0,10107.0
3D14S-16S_S38_L001_R2_001,CH003,4194.0,5913.0,10107.0
3D1C-16S_S33_L001_R1_001,CH003,4627.0,50048.0,54675.0
3D1C-16S_S33_L001_R2_001,CH003,10777.0,43898.0,54675.0
3D1S-16S_S32_L001_R1_001,CH003,3178.0,13987.0,17165.0
3D1S-16S_S32_L001_R2_001,CH003,6324.0,10841.0,17165.0
3D21C-16S_S41_L001_R1_001,CH003,2787.0,17688.0,20475.0
3D21C-16S_S41_L001_R2_001,CH003,5670.0,14805.0,20475.0
3D21S-16S_S40_L001_R1_001,CH003,1002.0,3369.0,4371.0
3D21S-16S_S40_L001_R2_001,CH003,2167.0,2204.0,4371.0
3D28C-16S_S43_L001_R1_001,CH003,3081.0,23685.0,26766.0
3D28C-16S_S43_L001_R2_001,CH003,6158.0,20608.0,26766.0
3D28S-16S_S42_L001_R1_001,CH003,7091.0,55879.0,62970.0
3D28S-16S_S42_L001_R2_001,CH003,13640.0,49330.0,62970.0
3D35C-16S_S45_L001_R1_001,CH003,5067.0,36530.0,41597.0
3D35C-16S_S45_L001_R2_001,CH003,11066.0,30531.0,41597.0
3D35S-16S_S44_L001_R1_001,CH003,3489.0,23100.0,26589.0
3D35S-16S_S44_L001_R2_001,CH003,6526.0,20063.0,26589.0
3D3C-16S_S35_L001_R1_001,CH003,6969.0,54517.0,61486.0
3D3C-16S_S35_L001_R2_001,CH003,16087.0,45399.0,61486.0
3D3S-16S_S34_L001_R1_001,CH003,7941.0,59757.0,67698.0
3D3S-16S_S34_L001_R2_001,CH003,15214.0,52484.0,67698.0
3D42C-16S_S47_L001_R1_001,CH003,4945.0,38614.0,43559.0
3D42C-16S_S47_L001_R2_001,CH003,10048.0,33511.0,43559.0
3D42S-16S_S46_L001_R1_001,CH003,4572.0,24992.0,29564.0
3D42S-16S_S46_L001_R2_001,CH003,8711.0,20853.0,29564.0
3D7C-16S_S37_L001_R1_001,CH003,558.0,1733.0,2291.0
3D7C-16S_S37_L001_R2_001,CH003,1099.0,1192.0,2291.0
3D7S-16S_S36_L001_R1_001,CH003,662.0,956.0,1618.0
3D7S-16S_S36_L001_R2_001,CH003,1055.0,563.0,1618.0
3PostC-16S_S31_L001_R1_001,CH003,7287.0,45970.0,53257.0
3PostC-16S_S31_L001_R2_001,CH003,14784.0,38473.0,53257.0
3PostS-16S_S30_L001_R1_001,CH003,453.0,215.0,668.0
3PostS-16S_S30_L001_R2_001,CH003,617.0,51.0,668.0
3PreC-16S_S29_L001_R1_001,CH003,8445.0,45076.0,53521.0
3PreC-16S_S29_L001_R2_001,CH003,17385.0,36136.0,53521.0
3PreS-16S_S28_L001_R1_001,CH003,5379.0,33902.0,39281.0
3PreS-16S_S28_L001_R2_001,CH003,11373.0,27908.0,39281.0
5AdC-16S_S24_L001_R1_001,CH005,10210.0,64459.0,74669.0
5AdC-16S_S24_L001_R2_001,CH005,17389.0,57280.0,74669.0
5AdS-16S_S23_L001_R1_001,CH005,2979.0,8699.0,11678.0
5AdS-16S_S23_L001_R2_001,CH005,4670.0,7008.0,11678.0
5D14C-16S_S36_L001_R1_001,CH005,7627.0,52372.0,59999.0
5D14C-16S_S36_L001_R2_001,CH005,13712.0,46287.0,59999.0
5D14S-16S_S35_L001_R1_001,CH005,5830.0,37730.0,43560.0
5D14S-16S_S35_L001_R2_001,CH005,11345.0,32215.0,43560.0
5D1C-16S_S30_L001_R1_001,CH005,9316.0,58333.0,67649.0
5D1C-16S_S30_L001_R2_001,CH005,15783.0,51866.0,67649.0
5D1S-16S_S29_L001_R1_001,CH005,8074.0,50636.0,58710.0
5D1S-16S_S29_L001_R2_001,CH005,15628.0,43082.0,58710.0
5D21C-16S_S38_L001_R1_001,CH005,7050.0,37765.0,44815.0
5D21C-16S_S38_L001_R2_001,CH005,12395.0,32420.0,44815.0
5D21S-16S_S37_L001_R1_001,CH005,10150.0,68677.0,78827.0
5D21S-16S_S37_L001_R2_001,CH005,17901.0,60926.0,78827.0
5D28C-16S_S40_L001_R1_001,CH005,7178.0,38840.0,46018.0
5D28C-16S_S40_L001_R2_001,CH005,11844.0,34174.0,46018.0
5D28S-16S_S39_L001_R1_001,CH005,9070.0,60271.0,69341.0
5D28S-16S_S39_L001_R2_001,CH005,16875.0,52466.0,69341.0
5D35C-16S_S42_L001_R1_001,CH005,8732.0,58224.0,66956.0
5D35C-16S_S42_L001_R2_001,CH005,17101.0,49855.0,66956.0
5D35S-16S_S41_L001_R1_001,CH005,9123.0,66338.0,75461.0
5D35S-16S_S41_L001_R2_001,CH005,17257.0,58204.0,75461.0
5D3C-16S_S32_L001_R1_001,CH005,8018.0,47422.0,55440.0
5D3C-16S_S32_L001_R2_001,CH005,13963.0,41477.0,55440.0
5D3S-16S_S31_L001_R1_001,CH005,7052.0,51874.0,58926.0
5D3S-16S_S31_L001_R2_001,CH005,12961.0,45965.0,58926.0
5D42C-16S_S44_L001_R1_001,CH005,9068.0,67268.0,76336.0
5D42C-16S_S44_L001_R2_001,CH005,16250.0,60086.0,76336.0
5D42S-16S_S43_L001_R1_001,CH005,8277.0,47435.0,55712.0
5D42S-16S_S43_L001_R2_001,CH005,14681.0,41031.0,55712.0
5D7C-16S_S34_L001_R1_001,CH005,8218.0,45429.0,53647.0
5D7C-16S_S34_L001_R2_001,CH005,14404.0,39243.0,53647.0
5D7S-16S_S33_L001_R1_001,CH005,8036.0,48698.0,56734.0
5D7S-16S_S33_L001_R2_001,CH005,14568.0,42166.0,56734.0
5PostC-16S_S28_L001_R1_001,CH005,7341.0,48970.0,56311.0
5PostC-16S_S28_L001_R2_001,CH005,12892.0,43419.0,56311.0
5PostS-16S_S27_L001_R1_001,CH005,8061.0,58654.0,66715.0
5PostS-16S_S27_L001_R2_001,CH005,14307.0,52408.0,66715.0
5PreC-16S_S26_L001_R1_001,CH005,6882.0,50422.0,57304.0
5PreC-16S_S26_L001_R2_001,CH005,13527.0,43777.0,57304.0
5PreS-16S_S25_L001_R1_001,CH005,9809.0,77371.0,87180.0
5PreS-16S_S25_L001_R2_001,CH005,17463.0,69717.0,87180.0
6AdC-16S_S46_L001_R1_001,CH006,9721.0,72236.0,81957.0
6AdC-16S_S46_L001_R2_001,CH006,18652.0,63305.0,81957.0
6AdS-16S_S45_L001_R1_001,CH006,9078.0,63600.0,72678.0
6AdS-16S_S45_L001_R2_001,CH006,16651.0,56027.0,72678.0
6D14C-16S_S58_L001_R1_001,CH006,12575.0,97988.0,110563.0
6D14C-16S_S58_L001_R2_001,CH006,22532.0,88031.0,110563.0
6D14S-16S_S57_L001_R1_001,CH006,10048.0,69360.0,79408.0
6D14S-16S_S57_L001_R2_001,CH006,17783.0,61625.0,79408.0
6D1C-16S_S52_L001_R1_001,CH006,3384.0,9773.0,13157.0
6D1C-16S_S52_L001_R2_001,CH006,6699.0,6458.0,13157.0
6D1S-16S_S51_L001_R1_001,CH006,10817.0,67731.0,78548.0
6D1S-16S_S51_L001_R2_001,CH006,18678.0,59870.0,78548.0
6D21C-16S_S60_L001_R1_001,CH006,8838.0,73886.0,82724.0
6D21C-16S_S60_L001_R2_001,CH006,16664.0,66060.0,82724.0
6D21S-16S_S59_L001_R1_001,CH006,10200.0,110427.0,120627.0
6D21S-16S_S59_L001_R2_001,CH006,22692.0,97935.0,120627.0
6D28C-16S_S62_L001_R1_001,CH006,10545.0,75255.0,85800.0
6D28C-16S_S62_L001_R2_001,CH006,18463.0,67337.0,85800.0
6D28S-16S_S61_L001_R1_001,CH006,7853.0,49792.0,57645.0
6D28S-16S_S61_L001_R2_001,CH006,12954.0,44691.0,57645.0
6D35C-16S_S64_L001_R1_001,CH006,8458.0,71285.0,79743.0
6D35C-16S_S64_L001_R2_001,CH006,16229.0,63514.0,79743.0
6D35S-16S_S63_L001_R1_001,CH006,4968.0,55794.0,60762.0
6D35S-16S_S63_L001_R2_001,CH006,11378.0,49384.0,60762.0
6D3C-16S_S54_L001_R1_001,CH006,5805.0,26978.0,32783.0
6D3C-16S_S54_L001_R2_001,CH006,9804.0,22979.0,32783.0
6D3S-16S_S53_L001_R1_001,CH006,8855.0,57250.0,66105.0
6D3S-16S_S53_L001_R2_001,CH006,17721.0,48384.0,66105.0
6D42C-16S_S66_L001_R1_001,CH006,9183.0,69354.0,78537.0
6D42C-16S_S66_L001_R2_001,CH006,15641.0,62896.0,78537.0
6D42S-16S_S65_L001_R1_001,CH006,10321.0,89899.0,100220.0
6D42S-16S_S65_L001_R2_001,CH006,18740.0,81480.0,100220.0
6D7C-16S_S56_L001_R1_001,CH006,8922.0,54449.0,63371.0
6D7C-16S_S56_L001_R2_001,CH006,15235.0,48136.0,63371.0
6D7S-16S_S55_L001_R1_001,CH006,7945.0,45775.0,53720.0
6D7S-16S_S55_L001_R2_001,CH006,13573.0,40147.0,53720.0
6PostC-16S_S50_L001_R1_001,CH006,8689.0,52615.0,61304.0
6PostC-16S_S50_L001_R2_001,CH006,15126.0,46178.0,61304.0
6PostS-16S_S49_L001_R1_001,CH006,11358.0,77065.0,88423.0
6PostS-16S_S49_L001_R2_001,CH006,17309.0,71114.0,88423.0
6PreC-16S_S48_L001_R1_001,CH006,12408.0,83194.0,95602.0
6PreC-16S_S48_L001_R2_001,CH006,21286.0,74316.0,95602.0
6PreS-16S_S47_L001_R1_001,CH006,11276.0,78326.0,89602.0
6PreS-16S_S47_L001_R2_001,CH006,20008.0,69594.0,89602.0
8AdC-16S_S68_L001_R1_001,CH008,9791.0,64679.0,74470.0
8AdC-16S_S68_L001_R2_001,CH008,16747.0,57723.0,74470.0
8AdS-16S_S67_L001_R1_001,CH008,8567.0,44083.0,52650.0
8AdS-16S_S67_L001_R2_001,CH008,12564.0,40086.0,52650.0
8D14C-16S_S80_L001_R1_001,CH008,11436.0,75287.0,86723.0
8D14C-16S_S80_L001_R2_001,CH008,19059.0,67664.0,86723.0
8D14S-16S_S79_L001_R1_001,CH008,12076.0,92711.0,104787.0
8D14S-16S_S79_L001_R2_001,CH008,22295.0,82492.0,104787.0
8D1C-16S_S74_L001_R1_001,CH008,6731.0,54039.0,60770.0
8D1C-16S_S74_L001_R2_001,CH008,12699.0,48071.0,60770.0
8D1S-16S_S73_L001_R1_001,CH008,7530.0,50970.0,58500.0
8D1S-16S_S73_L001_R2_001,CH008,12939.0,45561.0,58500.0
8D21C-16S_S82_L001_R1_001,CH008,8684.0,47696.0,56380.0
8D21C-16S_S82_L001_R2_001,CH008,14521.0,41859.0,56380.0
8D21S-16S_S81_L001_R1_001,CH008,8843.0,60767.0,69610.0
8D21S-16S_S81_L001_R2_001,CH008,15906.0,53704.0,69610.0
8D28C-16S_S84_L001_R1_001,CH008,7843.0,52721.0,60564.0
8D28C-16S_S84_L001_R2_001,CH008,14660.0,45904.0,60564.0
8D28S-16S_S83_L001_R1_001,CH008,8613.0,62793.0,71406.0
8D28S-16S_S83_L001_R2_001,CH008,16656.0,54750.0,71406.0
8D35C-16S_S86_L001_R1_001,CH008,8543.0,65110.0,73653.0
8D35C-16S_S86_L001_R2_001,CH008,17349.0,56304.0,73653.0
8D35S-16S_S85_L001_R1_001,CH008,8164.0,67656.0,75820.0
8D35S-16S_S85_L001_R2_001,CH008,16892.0,58928.0,75820.0
8D3C-16S_S76_L001_R1_001,CH008,6126.0,42085.0,48211.0
8D3C-16S_S76_L001_R2_001,CH008,10876.0,37335.0,48211.0
8D3S-16S_S75_L001_R1_001,CH008,9108.0,72412.0,81520.0
8D3S-16S_S75_L001_R2_001,CH008,16672.0,64848.0,81520.0
8D42C-16S_S88_L001_R1_001,CH008,152.0,103.0,255.0
8D42C-16S_S88_L001_R2_001,CH008,192.0,63.0,255.0
8D42S-16S_S87_L001_R1_001,CH008,7489.0,57253.0,64742.0
8D42S-16S_S87_L001_R2_001,CH008,15257.0,49485.0,64742.0
8D7C-16S_S78_L001_R1_001,CH008,8802.0,59540.0,68342.0
8D7C-16S_S78_L001_R2_001,CH008,16149.0,52193.0,68342.0
8D7S-16S_S77_L001_R1_001,CH008,8423.0,57126.0,65549.0
8D7S-16S_S77_L001_R2_001,CH008,15498.0,50051.0,65549.0
8PostC-16S_S72_L001_R1_001,CH008,5303.0,25600.0,30903.0
8PostC-16S_S72_L001_R2_001,CH008,8738.0,22165.0,30903.0
8PostS-16S_S71_L001_R1_001,CH008,9310.0,72309.0,81619.0
8PostS-16S_S71_L001_R2_001,CH008,15413.0,66206.0,81619.0
8PreC-16S_S70_L001_R1_001,CH008,11841.0,115817.0,127658.0
8PreC-16S_S70_L001_R2_001,CH008,22581.0,105077.0,127658.0
8PreS-16S_S69_L001_R1_001,CH008,9426.0,45919.0,55345.0
8PreS-16S_S69_L001_R2_001,CH008,13893.0,41452.0,55345.0
CH009-Ad-C-16S_S2_L001_R1_001,CH009,6880.0,35902.0,42782.0
CH009-Ad-C-16S_S2_L001_R2_001,CH009,11091.0,31691.0,42782.0
CH009-Ad-S-16S_S1_L001_R1_001,CH009,6551.0,44019.0,50570.0
CH009-Ad-S-16S_S1_L001_R2_001,CH009,12139.0,38431.0,50570.0
CH009-D0-Post-C-16S_S6_L001_R1_001,CH009,6626.0,40435.0,47061.0
CH009-D0-Post-C-16S_S6_L001_R2_001,CH009,10803.0,36258.0,47061.0
CH009-D0-Post-S-16S_S5_L001_R1_001,CH009,7203.0,43810.0,51013.0
CH009-D0-Post-S-16S_S5_L001_R2_001,CH009,12626.0,38387.0,51013.0
CH009-D0-Pre-C-16S_S4_L001_R1_001,CH009,5622.0,39380.0,45002.0
CH009-D0-Pre-C-16S_S4_L001_R2_001,CH009,10041.0,34961.0,45002.0
CH009-D0-Pre-S-16S_S3_L001_R1_001,CH009,7146.0,49257.0,56403.0
CH009-D0-Pre-S-16S_S3_L001_R2_001,CH009,13374.0,43029.0,56403.0
CH009-D1-C-16S_S8_L001_R1_001,CH009,8236.0,54631.0,62867.0
CH009-D1-C-16S_S8_L001_R2_001,CH009,14055.0,48812.0,62867.0
CH009-D1-S-16S_S7_L001_R1_001,CH009,5651.0,46331.0,51982.0
CH009-D1-S-16S_S7_L001_R2_001,CH009,10342.0,41640.0,51982.0
CH009-D14-C-16S_S14_L001_R1_001,CH009,8807.0,75125.0,83932.0
CH009-D14-C-16S_S14_L001_R2_001,CH009,15851.0,68081.0,83932.0
CH009-D14-S-16S_S13_L001_R1_001,CH009,4516.0,52892.0,57408.0
CH009-D14-S-16S_S13_L001_R2_001,CH009,10647.0,46761.0,57408.0
CH009-D21-C-16S_S16_L001_R1_001,CH009,6695.0,74407.0,81102.0
CH009-D21-C-16S_S16_L001_R2_001,CH009,14944.0,66158.0,81102.0
CH009-D21-S-16S_S15_L001_R1_001,CH009,7064.0,54485.0,61549.0
CH009-D21-S-16S_S15_L001_R2_001,CH009,13475.0,48074.0,61549.0
CH009-D28-C-16S_S18_L001_R1_001,CH009,6262.0,70831.0,77093.0
CH009-D28-C-16S_S18_L001_R2_001,CH009,13048.0,64045.0,77093.0
CH009-D28-S-16S_S17_L001_R1_001,CH009,4815.0,66094.0,70909.0
CH009-D28-S-16S_S17_L001_R2_001,CH009,11212.0,59697.0,70909.0
CH009-D3-C-16S_S10_L001_R1_001,CH009,7792.0,54117.0,61909.0
CH009-D3-C-16S_S10_L001_R2_001,CH009,13141.0,48768.0,61909.0
CH009-D3-S-16S_S9_L001_R1_001,CH009,7813.0,54305.0,62118.0
CH009-D3-S-16S_S9_L001_R2_001,CH009,14224.0,47894.0,62118.0
CH009-D35-C-16S_S20_L001_R1_001,CH009,4532.0,21946.0,26478.0
CH009-D35-C-16S_S20_L001_R2_001,CH009,7212.0,19266.0,26478.0
CH009-D35-S-16S_S19_L001_R1_001,CH009,4895.0,80603.0,85498.0
CH009-D35-S-16S_S19_L001_R2_001,CH009,12999.0,72499.0,85498.0
CH009-D42-C-16S_S22_L001_R1_001,CH009,8100.0,87259.0,95359.0
CH009-D42-C-16S_S22_L001_R2_001,CH009,17215.0,78144.0,95359.0
CH009-D42-S-16S_S21_L001_R1_001,CH009,5341.0,88303.0,93644.0
CH009-D42-S-16S_S21_L001_R2_001,CH009,14129.0,79515.0,93644.0
CH009-D7-C-16S_S12_L001_R1_001,CH009,7061.0,64725.0,71786.0
CH009-D7-C-16S_S12_L001_R2_001,CH009,13715.0,58071.0,71786.0
CH009-D7-S-16S_S11_L001_R1_001,CH009,5432.0,25787.0,31219.0
CH009-D7-S-16S_S11_L001_R2_001,CH009,9394.0,21825.0,31219.0
11AdAir-16S_S3_L001_R1_001,CH011,6342.0,37685.0,44027.0
11AdAir-16S_S3_L001_R2_001,CH011,11727.0,32300.0,44027.0
11AdC-16S_S2_L001_R1_001,CH011,4876.0,30591.0,35467.0
11AdC-16S_S2_L001_R2_001,CH011,9462.0,26005.0,35467.0
11AdS-16S_S1_L001_R1_001,CH011,2745.0,12247.0,14992.0
11AdS-16S_S1_L001_R2_001,CH011,5164.0,9828.0,14992.0
11D14C-16S_S16_L001_R1_001,CH011,5770.0,34467.0,40237.0
11D14C-16S_S16_L001_R2_001,CH011,11081.0,29156.0,40237.0
11D14S-16S_S15_L001_R1_001,CH011,5697.0,35164.0,40861.0
11D14S-16S_S15_L001_R2_001,CH011,10685.0,30176.0,40861.0
11D1C-16S_S10_L001_R1_001,CH011,6535.0,37955.0,44490.0
11D1C-16S_S10_L001_R2_001,CH011,12746.0,31744.0,44490.0
11D1S-16S_S9_L001_R1_001,CH011,3472.0,16018.0,19490.0
11D1S-16S_S9_L001_R2_001,CH011,6618.0,12872.0,19490.0
11D21Air-16S_S19_L001_R1_001,CH011,10410.0,77446.0,87856.0
11D21Air-16S_S19_L001_R2_001,CH011,21096.0,66760.0,87856.0
11D21C-16S_S18_L001_R1_001,CH011,12544.0,108607.0,121151.0
11D21C-16S_S18_L001_R2_001,CH011,26480.0,94671.0,121151.0
11D21S-16S_S17_L001_R1_001,CH011,4230.0,27557.0,31787.0
11D21S-16S_S17_L001_R2_001,CH011,8986.0,22801.0,31787.0
11D28C-16S_S21_L001_R1_001,CH011,3213.0,17944.0,21157.0
11D28C-16S_S21_L001_R2_001,CH011,6375.0,14782.0,21157.0
11D28S-16S_S20_L001_R1_001,CH011,9604.0,92643.0,102247.0
11D28S-16S_S20_L001_R2_001,CH011,21032.0,81215.0,102247.0
11D35C-16S_S23_L001_R1_001,CH011,2591.0,13036.0,15627.0
11D35C-16S_S23_L001_R2_001,CH011,5189.0,10438.0,15627.0
11D35S-16S_S22_L001_R1_001,CH011,5887.0,54517.0,60404.0
11D35S-16S_S22_L001_R2_001,CH011,12807.0,47597.0,60404.0
11D3C-16S_S12_L001_R1_001,CH011,6800.0,42995.0,49795.0
11D3C-16S_S12_L001_R2_001,CH011,13425.0,36370.0,49795.0
11D3S-16S_S11_L001_R1_001,CH011,6568.0,37747.0,44315.0
11D3S-16S_S11_L001_R2_001,CH011,11389.0,32926.0,44315.0
11D42C-16S_S25_L001_R1_001,CH011,499.0,758.0,1257.0
11D42C-16S_S25_L001_R2_001,CH011,893.0,364.0,1257.0
11D42S-16S_S24_L001_R1_001,CH011,7746.0,60674.0,68420.0
11D42S-16S_S24_L001_R2_001,CH011,16093.0,52327.0,68420.0
11D7C-16S_S14_L001_R1_001,CH011,3932.0,24238.0,28170.0
11D7C-16S_S14_L001_R2_001,CH011,7985.0,20185.0,28170.0
11D7S-16S_S13_L001_R1_001,CH011,664.0,913.0,1577.0
11D7S-16S_S13_L001_R2_001,CH011,1036.0,541.0,1577.0
11PostC-16S_S8_L001_R1_001,CH011,5665.0,28401.0,34066.0
11PostC-16S_S8_L001_R2_001,CH011,10599.0,23467.0,34066.0
11PostS-16S_S7_L001_R1_001,CH011,4253.0,19107.0,23360.0
11PostS-16S_S7_L001_R2_001,CH011,7921.0,15439.0,23360.0
11PreC-16S_S5_L001_R1_001,CH011,6205.0,65209.0,71414.0
11PreC-16S_S5_L001_R2_001,CH011,13562.0,57852.0,71414.0
11PreChlor-16S_S6_L001_R1_001,CH011,2374.0,14204.0,16578.0
11PreChlor-16S_S6_L001_R2_001,CH011,4803.0,11775.0,16578.0
11PreS-16S_S4_L001_R1_001,CH011,5952.0,40016.0,45968.0
11PreS-16S_S4_L001_R2_001,CH011,11870.0,34098.0,45968.0
12AdC-16S_S188_L001_R1_001,CH012,3807.0,86769.0,90576.0
12AdC-16S_S188_L001_R2_001,CH012,10558.0,80018.0,90576.0
12AdS-16S_S187_L001_R1_001,CH012,4446.0,51520.0,55966.0
12AdS-16S_S187_L001_R2_001,CH012,9938.0,46028.0,55966.0
12D0Chlor-16S_S210_L001_R1_001,CH012,6127.0,59366.0,65493.0
12D0Chlor-16S_S210_L001_R2_001,CH012,12169.0,53324.0,65493.0
12D14C-16S_S200_L001_R1_001,CH012,6321.0,40058.0,46379.0
12D14C-16S_S200_L001_R2_001,CH012,11632.0,34747.0,46379.0
12D14S-16S_S199_L001_R1_001,CH012,5770.0,68475.0,74245.0
12D14S-16S_S199_L001_R2_001,CH012,11666.0,62579.0,74245.0
12D1C-16S_S194_L001_R1_001,CH012,5787.0,81736.0,87523.0
12D1C-16S_S194_L001_R2_001,CH012,12335.0,75188.0,87523.0
12D1S-16S_S193_L001_R1_001,CH012,6830.0,33269.0,40099.0
12D1S-16S_S193_L001_R2_001,CH012,11273.0,28826.0,40099.0
12D21Air-16S_S209_L001_R1_001,CH012,7217.0,45079.0,52296.0
12D21Air-16S_S209_L001_R2_001,CH012,10400.0,41896.0,52296.0
12D21C-16S_S202_L001_R1_001,CH012,4806.0,88303.0,93109.0
12D21C-16S_S202_L001_R2_001,CH012,12654.0,80455.0,93109.0
12D21S-16S_S201_L001_R1_001,CH012,3924.0,29235.0,33159.0
12D21S-16S_S201_L001_R2_001,CH012,7335.0,25824.0,33159.0
12D28C-16S_S204_L001_R1_001,CH012,4711.0,71572.0,76283.0
12D28C-16S_S204_L001_R2_001,CH012,11641.0,64642.0,76283.0
12D28S-16S_S203_L001_R1_001,CH012,6930.0,71097.0,78027.0
12D28S-16S_S203_L001_R2_001,CH012,12954.0,65073.0,78027.0
12D35C-16S_S206_L001_R1_001,CH012,3910.0,104608.0,108518.0
12D35C-16S_S206_L001_R2_001,CH012,11546.0,96972.0,108518.0
12D35S-16S_S205_L001_R1_001,CH012,6496.0,67295.0,73791.0
12D35S-16S_S205_L001_R2_001,CH012,13360.0,60431.0,73791.0
12D3C-16S_S196_L001_R1_001,CH012,6362.0,59038.0,65400.0
12D3C-16S_S196_L001_R2_001,CH012,12760.0,52640.0,65400.0
12D3S-16S_S195_L001_R1_001,CH012,7593.0,59630.0,67223.0
12D3S-16S_S195_L001_R2_001,CH012,13998.0,53225.0,67223.0
12D42C-16S_S208_L001_R1_001,CH012,6419.0,89088.0,95507.0
12D42C-16S_S208_L001_R2_001,CH012,15645.0,79862.0,95507.0
12D42S-16S_S207_L001_R1_001,CH012,8034.0,50769.0,58803.0
12D42S-16S_S207_L001_R2_001,CH012,13093.0,45710.0,58803.0
12D7C-16S_S198_L001_R1_001,CH012,1524.0,1758.0,3282.0
12D7C-16S_S198_L001_R2_001,CH012,2026.0,1256.0,3282.0
12D7S-16S_S197_L001_R1_001,CH012,5604.0,79110.0,84714.0
12D7S-16S_S197_L001_R2_001,CH012,10812.0,73902.0,84714.0
12PostC-16S_S192_L001_R1_001,CH012,3703.0,46064.0,49767.0
12PostC-16S_S192_L001_R2_001,CH012,8013.0,41754.0,49767.0
12PostS-16S_S191_L001_R1_001,CH012,3612.0,29279.0,32891.0
12PostS-16S_S191_L001_R2_001,CH012,5665.0,27226.0,32891.0
12PreC-16S_S190_L001_R1_001,CH012,2637.0,72371.0,75008.0
12PreC-16S_S190_L001_R2_001,CH012,8229.0,66779.0,75008.0
12PreS-16S_S189_L001_R1_001,CH012,3396.0,71538.0,74934.0
12PreS-16S_S189_L001_R2_001,CH012,9289.0,65645.0,74934.0
13AdAir-16S_S97_L001_R1_001,CH013,13064.0,117255.0,130319.0
13AdAir-16S_S97_L001_R2_001,CH013,26976.0,103343.0,130319.0
13AdC-16S_S96_L001_R1_001,CH013,7313.0,51473.0,58786.0
13AdC-16S_S96_L001_R2_001,CH013,14847.0,43939.0,58786.0
13AdS-16S_S95_L001_R1_001,CH013,9657.0,66346.0,76003.0
13AdS-16S_S95_L001_R2_001,CH013,18474.0,57529.0,76003.0
13D14C-16S_S110_L001_R1_001,CH013,7212.0,51597.0,58809.0
13D14C-16S_S110_L001_R2_001,CH013,14014.0,44795.0,58809.0
13D14S-16S_S109_L001_R1_001,CH013,8202.0,53181.0,61383.0
13D14S-16S_S109_L001_R2_001,CH013,15343.0,46040.0,61383.0
13D1C-16S_S104_L001_R1_001,CH013,9298.0,71183.0,80481.0
13D1C-16S_S104_L001_R2_001,CH013,18999.0,61482.0,80481.0
13D1S-16S_S103_L001_R1_001,CH013,11566.0,85152.0,96718.0
13D1S-16S_S103_L001_R2_001,CH013,23435.0,73283.0,96718.0
13D21Air-16S_S113_L001_R1_001,CH013,15043.0,154138.0,169181.0
13D21Air-16S_S113_L001_R2_001,CH013,33402.0,135779.0,169181.0
13D21C-16S_S112_L001_R1_001,CH013,11645.0,98061.0,109706.0
13D21C-16S_S112_L001_R2_001,CH013,23479.0,86227.0,109706.0
13D21S-16S_S111_L001_R1_001,CH013,15623.0,147379.0,163002.0
13D21S-16S_S111_L001_R2_001,CH013,32888.0,130114.0,163002.0
13D28C-16S_S115_L001_R1_001,CH013,11947.0,105319.0,117266.0
13D28C-16S_S115_L001_R2_001,CH013,25853.0,91413.0,117266.0
13D28S-16S_S114_L001_R1_001,CH013,13233.0,119650.0,132883.0
13D28S-16S_S114_L001_R2_001,CH013,26978.0,105905.0,132883.0
13D35C-16S_S117_L001_R1_001,CH013,10408.0,82915.0,93323.0
13D35C-16S_S117_L001_R2_001,CH013,21382.0,71941.0,93323.0
13D35S-16S_S116_L001_R1_001,CH013,13085.0,121099.0,134184.0
13D35S-16S_S116_L001_R2_001,CH013,27686.0,106498.0,134184.0
13D3C-16S_S106_L001_R1_001,CH013,11496.0,124751.0,136247.0
13D3C-16S_S106_L001_R2_001,CH013,26405.0,109842.0,136247.0
13D3S-16S_S105_L001_R1_001,CH013,11295.0,97608.0,108903.0
13D3S-16S_S105_L001_R2_001,CH013,24733.0,84170.0,108903.0
13D42C-16S_S223_L001_R1_001,CH013,120.0,40.0,160.0
13D42C-16S_S223_L001_R2_001,CH013,145.0,15.0,160.0
13D42S-16S_S118_L001_R1_001,CH013,8137.0,103609.0,111746.0
13D42S-16S_S118_L001_R2_001,CH013,21903.0,89843.0,111746.0
13D7C-16S_S108_L001_R1_001,CH013,8264.0,58257.0,66521.0
13D7C-16S_S108_L001_R2_001,CH013,16147.0,50374.0,66521.0
13D7S-16S_S107_L001_R1_001,CH013,8485.0,59250.0,67735.0
13D7S-16S_S107_L001_R2_001,CH013,16212.0,51523.0,67735.0
13PostC-16S_S102_L001_R1_001,CH013,8019.0,59599.0,67618.0
13PostC-16S_S102_L001_R2_001,CH013,18370.0,49248.0,67618.0
13PostS-16S_S101_L001_R1_001,CH013,8379.0,51522.0,59901.0
13PostS-16S_S101_L001_R2_001,CH013,15140.0,44761.0,59901.0
13PreC-16S_S99_L001_R1_001,CH013,11890.0,95984.0,107874.0
13PreC-16S_S99_L001_R2_001,CH013,24060.0,83814.0,107874.0
13PreChlor-16S_S100_L001_R1_001,CH013,10022.0,77231.0,87253.0
13PreChlor-16S_S100_L001_R2_001,CH013,19904.0,67349.0,87253.0
13PreS-16S_S98_L001_R1_001,CH013,11005.0,93596.0,104601.0
13PreS-16S_S98_L001_R2_001,CH013,22561.0,82040.0,104601.0
14AdAir-16S_S121_L001_R1_001,CH014,4927.0,32194.0,37121.0
14AdAir-16S_S121_L001_R2_001,CH014,9764.0,27357.0,37121.0
14AdC-16S_S120_L001_R1_001,CH014,8322.0,63948.0,72270.0
14AdC-16S_S120_L001_R2_001,CH014,16283.0,55987.0,72270.0
14AdS-16S_S119_L001_R1_001,CH014,11478.0,122273.0,133751.0
14AdS-16S_S119_L001_R2_001,CH014,25916.0,107835.0,133751.0
14D14C-16S_S134_L001_R1_001,CH014,10492.0,104181.0,114673.0
14D14C-16S_S134_L001_R2_001,CH014,22293.0,92380.0,114673.0
14D14S-16S_S133_L001_R1_001,CH014,9300.0,101012.0,110312.0
14D14S-16S_S133_L001_R2_001,CH014,19085.0,91227.0,110312.0
14D1C-16S_S128_L001_R1_001,CH014,10445.0,88191.0,98636.0
14D1C-16S_S128_L001_R2_001,CH014,22266.0,76370.0,98636.0
14D1S-16S_S127_L001_R1_001,CH014,11288.0,104316.0,115604.0
14D1S-16S_S127_L001_R2_001,CH014,23394.0,92210.0,115604.0
14D21Air-16S_S137_L001_R1_001,CH014,11731.0,108279.0,120010.0
14D21Air-16S_S137_L001_R2_001,CH014,26117.0,93893.0,120010.0
14D21C-16S_S136_L001_R1_001,CH014,11053.0,99317.0,110370.0
14D21C-16S_S136_L001_R2_001,CH014,22577.0,87793.0,110370.0
14D21S-16S_S135_L001_R1_001,CH014,12150.0,116623.0,128773.0
14D21S-16S_S135_L001_R2_001,CH014,25958.0,102815.0,128773.0
14D28C-16S_S139_L001_R1_001,CH014,13670.0,120397.0,134067.0
14D28C-16S_S139_L001_R2_001,CH014,29202.0,104865.0,134067.0
14D28S-16S_S138_L001_R1_001,CH014,11672.0,130594.0,142266.0
14D28S-16S_S138_L001_R2_001,CH014,26712.0,115554.0,142266.0
14D35C-16S_S141_L001_R1_001,CH014,7034.0,48997.0,56031.0
14D35C-16S_S141_L001_R2_001,CH014,14549.0,41482.0,56031.0
14D35S-16S_S140_L001_R1_001,CH014,8643.0,71374.0,80017.0
14D35S-16S_S140_L001_R2_001,CH014,17689.0,62328.0,80017.0
14D3C-16S_S130_L001_R1_001,CH014,11903.0,124364.0,136267.0
14D3C-16S_S130_L001_R2_001,CH014,25671.0,110596.0,136267.0
14D3S-16S_S129_L001_R1_001,CH014,12929.0,122790.0,135719.0
14D3S-16S_S129_L001_R2_001,CH014,27265.0,108454.0,135719.0
14D42C-16S_S224_L001_R1_001,CH014,142.0,44.0,186.0
14D42C-16S_S224_L001_R2_001,CH014,172.0,14.0,186.0
14D42S-16S_S142_L001_R1_001,CH014,10155.0,92288.0,102443.0
14D42S-16S_S142_L001_R2_001,CH014,24124.0,78319.0,102443.0
14D7C-16S_S132_L001_R1_001,CH014,11852.0,117676.0,129528.0
14D7C-16S_S132_L001_R2_001,CH014,27498.0,102030.0,129528.0
14D7S-16S_S131_L001_R1_001,CH014,11391.0,111615.0,123006.0
14D7S-16S_S131_L001_R2_001,CH014,25079.0,97927.0,123006.0
14PostC-16S_S126_L001_R1_001,CH014,8961.0,84088.0,93049.0
14PostC-16S_S126_L001_R2_001,CH014,19902.0,73147.0,93049.0
14PostS-16S_S125_L001_R1_001,CH014,9127.0,64469.0,73596.0
14PostS-16S_S125_L001_R2_001,CH014,18252.0,55344.0,73596.0
14PreC-16S_S123_L001_R1_001,CH014,5876.0,42594.0,48470.0
14PreC-16S_S123_L001_R2_001,CH014,12580.0,35890.0,48470.0
14PreChlor-16S_S124_L001_R1_001,CH014,9409.0,80402.0,89811.0
14PreChlor-16S_S124_L001_R2_001,CH014,18321.0,71490.0,89811.0
14PreS-16S_S122_L001_R1_001,CH014,12592.0,129811.0,142403.0
14PreS-16S_S122_L001_R2_001,CH014,28756.0,113647.0,142403.0
16AdAir-16S_S193_L001_R1_001,CH016,9269.0,54608.0,63877.0
16AdAir-16S_S193_L001_R2_001,CH016,16502.0,47375.0,63877.0
16AdC-16S_S192_L001_R1_001,CH016,7200.0,36585.0,43785.0
16AdC-16S_S192_L001_R2_001,CH016,12737.0,31048.0,43785.0
16AdS-16S_S191_L001_R1_001,CH016,10226.0,78166.0,88392.0
16AdS-16S_S191_L001_R2_001,CH016,20527.0,67865.0,88392.0
16D14C-16S_S206_L001_R1_001,CH016,8627.0,84668.0,93295.0
16D14C-16S_S206_L001_R2_001,CH016,18348.0,74947.0,93295.0
16D14S-16S_S205_L001_R1_001,CH016,8728.0,97909.0,106637.0
16D14S-16S_S205_L001_R2_001,CH016,19461.0,87176.0,106637.0
16D1C-16S_S200_L001_R1_001,CH016,10979.0,87346.0,98325.0
16D1C-16S_S200_L001_R2_001,CH016,22407.0,75918.0,98325.0
16D1S-16S_S199_L001_R1_001,CH016,10915.0,81903.0,92818.0
16D1S-16S_S199_L001_R2_001,CH016,29303.0,63515.0,92818.0
16D21Air-16S_S209_L001_R1_001,CH016,11013.0,78244.0,89257.0
16D21Air-16S_S209_L001_R2_001,CH016,21284.0,67973.0,89257.0
16D21C-16S_S208_L001_R1_001,CH016,11499.0,93730.0,105229.0
16D21C-16S_S208_L001_R2_001,CH016,24694.0,80535.0,105229.0
16D21S-16S_S207_L001_R1_001,CH016,9160.0,51675.0,60835.0
16D21S-16S_S207_L001_R2_001,CH016,17902.0,42933.0,60835.0
16D28C-16S_S211_L001_R1_001,CH016,10721.0,92168.0,102889.0
16D28C-16S_S211_L001_R2_001,CH016,22535.0,80354.0,102889.0
16D28S-16S_S210_L001_R1_001,CH016,10145.0,86206.0,96351.0
16D28S-16S_S210_L001_R2_001,CH016,22413.0,73938.0,96351.0
16D35C-16S_S213_L001_R1_001,CH016,10430.0,90760.0,101190.0
16D35C-16S_S213_L001_R2_001,CH016,20990.0,80200.0,101190.0
16D35S-16S_S212_L001_R1_001,CH016,9024.0,94846.0,103870.0
16D35S-16S_S212_L001_R2_001,CH016,20764.0,83106.0,103870.0
16D3C-16S_S202_L001_R1_001,CH016,13338.0,143700.0,157038.0
16D3C-16S_S202_L001_R2_001,CH016,29181.0,127857.0,157038.0
16D3S-16S_S201_L001_R1_001,CH016,15096.0,145029.0,160125.0
16D3S-16S_S201_L001_R2_001,CH016,29612.0,130513.0,160125.0
16D42C-16S_S215_L001_R1_001,CH016,8213.0,88844.0,97057.0
16D42C-16S_S215_L001_R2_001,CH016,18460.0,78597.0,97057.0
16D42S-16S_S214_L001_R1_001,CH016,10353.0,70890.0,81243.0
16D42S-16S_S214_L001_R2_001,CH016,20116.0,61127.0,81243.0
16D7C-16S_S204_L001_R1_001,CH016,11762.0,117510.0,129272.0
16D7C-16S_S204_L001_R2_001,CH016,24919.0,104353.0,129272.0
16D7S-16S_S203_L001_R1_001,CH016,12992.0,108581.0,121573.0
16D7S-16S_S203_L001_R2_001,CH016,26059.0,95514.0,121573.0
16PostC-16S_S198_L001_R1_001,CH016,8490.0,40022.0,48512.0
16PostC-16S_S198_L001_R2_001,CH016,15075.0,33437.0,48512.0
16PostS-16S_S197_L001_R1_001,CH016,9937.0,64358.0,74295.0
16PostS-16S_S197_L001_R2_001,CH016,19093.0,55202.0,74295.0
16PreC-16S_S195_L001_R1_001,CH016,606.0,397.0,1003.0
16PreC-16S_S195_L001_R2_001,CH016,745.0,258.0,1003.0
16PreChlor-16S_S196_L001_R1_001,CH016,7053.0,36018.0,43071.0
16PreChlor-16S_S196_L001_R2_001,CH016,13118.0,29953.0,43071.0
16PreS-16S_S194_L001_R1_001,CH016,5382.0,24098.0,29480.0
16PreS-16S_S194_L001_R2_001,CH016,9860.0,19620.0,29480.0
CH017-Ad-Air-16S_S3_L001_R1_001,CH017,5880.0,44590.0,50470.0
CH017-Ad-Air-16S_S3_L001_R2_001,CH017,11258.0,39212.0,50470.0
CH017-Ad-C-16S_S2_L001_R1_001,CH017,5534.0,33443.0,38977.0
CH017-Ad-C-16S_S2_L001_R2_001,CH017,10005.0,28972.0,38977.0
CH017-Ad-S-16S_S1_L001_R1_001,CH017,5467.0,36337.0,41804.0
CH017-Ad-S-16S_S1_L001_R2_001,CH017,10364.0,31440.0,41804.0
CH017-D0-Post-C-16S_S7_L001_R1_001,CH017,4517.0,30372.0,34889.0
CH017-D0-Post-C-16S_S7_L001_R2_001,CH017,7846.0,27043.0,34889.0
CH017-D0-Post-Chlor-16S_S8_L001_R1_001,CH017,3202.0,25128.0,28330.0
CH017-D0-Post-Chlor-16S_S8_L001_R2_001,CH017,5612.0,22718.0,28330.0
CH017-D0-Post-S-16S_S6_L001_R1_001,CH017,4306.0,25411.0,29717.0
CH017-D0-Post-S-16S_S6_L001_R2_001,CH017,6624.0,23093.0,29717.0
CH017-D0-Pre-C-16S_S5_L001_R1_001,CH017,4597.0,36530.0,41127.0
CH017-D0-Pre-C-16S_S5_L001_R2_001,CH017,9071.0,32056.0,41127.0
CH017-D0-Pre-S-16S_S4_L001_R1_001,CH017,5480.0,39924.0,45404.0
CH017-D0-Pre-S-16S_S4_L001_R2_001,CH017,10319.0,35085.0,45404.0
CH017-D1-C-16S_S10_L001_R1_001,CH017,4756.0,33505.0,38261.0
CH017-D1-C-16S_S10_L001_R2_001,CH017,8667.0,29594.0,38261.0
CH017-D1-S-16S_S9_L001_R1_001,CH017,5215.0,36345.0,41560.0
CH017-D1-S-16S_S9_L001_R2_001,CH017,9563.0,31997.0,41560.0
CH017-D14-C-16S_S16_L001_R1_001,CH017,3965.0,25840.0,29805.0
CH017-D14-C-16S_S16_L001_R2_001,CH017,11212.0,18593.0,29805.0
CH017-D14-S-16S_S15_L001_R1_001,CH017,3511.0,25857.0,29368.0
CH017-D14-S-16S_S15_L001_R2_001,CH017,6757.0,22611.0,29368.0
CH017-D21-Air-16S_S19_L001_R1_001,CH017,4916.0,31710.0,36626.0
CH017-D21-Air-16S_S19_L001_R2_001,CH017,9405.0,27221.0,36626.0
CH017-D21-C-16S_S18_L001_R1_001,CH017,4389.0,24104.0,28493.0
CH017-D21-C-16S_S18_L001_R2_001,CH017,7386.0,21107.0,28493.0
CH017-D21-S-16S_S17_L001_R1_001,CH017,4907.0,30741.0,35648.0
CH017-D21-S-16S_S17_L001_R2_001,CH017,9299.0,26349.0,35648.0
CH017-D28-C-16S_S21_L001_R1_001,CH017,4797.0,41092.0,45889.0
CH017-D28-C-16S_S21_L001_R2_001,CH017,9208.0,36681.0,45889.0
CH017-D28-S-16S_S20_L001_R1_001,CH017,4251.0,23450.0,27701.0
CH017-D28-S-16S_S20_L001_R2_001,CH017,6902.0,20799.0,27701.0
CH017-D3-C-16S_S12_L001_R1_001,CH017,5085.0,30469.0,35554.0
CH017-D3-C-16S_S12_L001_R2_001,CH017,9373.0,26181.0,35554.0
CH017-D3-S-16S_S11_L001_R1_001,CH017,5340.0,36826.0,42166.0
CH017-D3-S-16S_S11_L001_R2_001,CH017,9787.0,32379.0,42166.0
CH017-D35-C-16S_S23_L001_R1_001,CH017,3676.0,29849.0,33525.0
CH017-D35-C-16S_S23_L001_R2_001,CH017,7610.0,25915.0,33525.0
CH017-D35-S-16S_S22_L001_R1_001,CH017,4860.0,31669.0,36529.0
CH017-D35-S-16S_S22_L001_R2_001,CH017,7639.0,28890.0,36529.0
CH017-D42-C-16S_S25_L001_R1_001,CH017,10547.0,83147.0,93694.0
CH017-D42-C-16S_S25_L001_R2_001,CH017,19015.0,74679.0,93694.0
CH017-D42-S-16S_S24_L001_R1_001,CH017,4810.0,24982.0,29792.0
CH017-D42-S-16S_S24_L001_R2_001,CH017,8922.0,20870.0,29792.0
CH017-D7-C-16S_S14_L001_R1_001,CH017,4097.0,26196.0,30293.0
CH017-D7-C-16S_S14_L001_R2_001,CH017,7517.0,22776.0,30293.0
CH017-D7-S-16S_S13_L001_R1_001,CH017,4823.0,39129.0,43952.0
CH017-D7-S-16S_S13_L001_R2_001,CH017,9057.0,34895.0,43952.0
CH018-Ad-Air-16S_S59_L001_R1_001,CH018,8519.0,81117.0,89636.0
CH018-Ad-Air-16S_S59_L001_R2_001,CH018,15526.0,74110.0,89636.0
CH018-Ad-C-16S_S58_L001_R1_001,CH018,7989.0,83681.0,91670.0
CH018-Ad-C-16S_S58_L001_R2_001,CH018,14156.0,77514.0,91670.0
CH018-Ad-S-16S_S57_L001_R1_001,CH018,9501.0,99804.0,109305.0
CH018-Ad-S-16S_S57_L001_R2_001,CH018,16788.0,92517.0,109305.0
CH018-D0-Post-C-16S_S63_L001_R1_001,CH018,7684.0,66958.0,74642.0
CH018-D0-Post-C-16S_S63_L001_R2_001,CH018,11645.0,62997.0,74642.0
CH018-D0-Post-Chlor-16S_S64_L001_R1_001,CH018,9326.0,57186.0,66512.0
CH018-D0-Post-Chlor-16S_S64_L001_R2_001,CH018,13888.0,52624.0,66512.0
CH018-D0-Post-S-16S_S62_L001_R1_001,CH018,8417.0,51616.0,60033.0
CH018-D0-Post-S-16S_S62_L001_R2_001,CH018,11552.0,48481.0,60033.0
CH018-D0-Pre-C-16S_S61_L001_R1_001,CH018,5220.0,80168.0,85388.0
CH018-D0-Pre-C-16S_S61_L001_R2_001,CH018,10471.0,74917.0,85388.0
CH018-D0-Pre-S-16S_S60_L001_R1_001,CH018,7291.0,96245.0,103536.0
CH018-D0-Pre-S-16S_S60_L001_R2_001,CH018,13692.0,89844.0,103536.0
CH018-D14-C-16S_S70_L001_R1_001,CH018,12299.0,89211.0,101510.0
CH018-D14-C-16S_S70_L001_R2_001,CH018,18693.0,82817.0,101510.0
CH018-D14-S-16S_S69_L001_R1_001,CH018,9033.0,102722.0,111755.0
CH018-D14-S-16S_S69_L001_R2_001,CH018,18014.0,93741.0,111755.0
CH018-D21-Air-16S_S73_L001_R1_001,CH018,8442.0,86575.0,95017.0
CH018-D21-Air-16S_S73_L001_R2_001,CH018,15392.0,79625.0,95017.0
CH018-D21-C-16S_S72_L001_R1_001,CH018,10409.0,60338.0,70747.0
CH018-D21-C-16S_S72_L001_R2_001,CH018,15354.0,55393.0,70747.0
CH018-D21-S-16S_S71_L001_R1_001,CH018,10550.0,69472.0,80022.0
CH018-D21-S-16S_S71_L001_R2_001,CH018,17410.0,62612.0,80022.0
CH018-D28-C-16S_S75_L001_R1_001,CH018,9003.0,83216.0,92219.0
CH018-D28-C-16S_S75_L001_R2_001,CH018,16696.0,75523.0,92219.0
CH018-D28-S-16S_S74_L001_R1_001,CH018,10402.0,82953.0,93355.0
CH018-D28-S-16S_S74_L001_R2_001,CH018,17715.0,75640.0,93355.0
CH018-D3-C-16S_S66_L001_R1_001,CH018,9481.0,89843.0,99324.0
CH018-D3-C-16S_S66_L001_R2_001,CH018,16872.0,82452.0,99324.0
CH018-D3-S-16S_S65_L001_R1_001,CH018,9103.0,90000.0,99103.0
CH018-D3-S-16S_S65_L001_R2_001,CH018,16640.0,82463.0,99103.0
CH018-D35-C-16S_S77_L001_R1_001,CH018,7975.0,66953.0,74928.0
CH018-D35-C-16S_S77_L001_R2_001,CH018,14342.0,60586.0,74928.0
CH018-D35-S-16S_S76_L001_R1_001,CH018,8914.0,52363.0,61277.0
CH018-D35-S-16S_S76_L001_R2_001,CH018,14328.0,46949.0,61277.0
CH018-D42-C-16S_S79_L001_R1_001,CH018,8928.0,75553.0,84481.0
CH018-D42-C-16S_S79_L001_R2_001,CH018,16274.0,68207.0,84481.0
CH018-D42-S-16S_S78_L001_R1_001,CH018,9588.0,77842.0,87430.0
CH018-D42-S-16S_S78_L001_R2_001,CH018,15449.0,71981.0,87430.0
CH018-D7-C-16S_S68_L001_R1_001,CH018,11053.0,115523.0,126576.0
CH018-D7-C-16S_S68_L001_R2_001,CH018,20738.0,105838.0,126576.0
CH018-D7-S-16S_S67_L001_R1_001,CH018,6081.0,83212.0,89293.0
CH018-D7-S-16S_S67_L001_R2_001,CH018,13416.0,75877.0,89293.0
CH019-Ad-Air-16S_S107_L001_R1_001,CH019,7919.0,97006.0,104925.0
CH019-Ad-Air-16S_S107_L001_R2_001,CH019,14791.0,90134.0,104925.0
CH019-Ad-C-16S_S106_L001_R1_001,CH019,9934.0,93750.0,103684.0
CH019-Ad-C-16S_S106_L001_R2_001,CH019,17330.0,86354.0,103684.0
CH019-Ad-S-16S_S105_L001_R1_001,CH019,9138.0,85312.0,94450.0
CH019-Ad-S-16S_S105_L001_R2_001,CH019,18369.0,76081.0,94450.0
CH019-D0-Post-C-16S_S112_L001_R1_001,CH019,7510.0,91920.0,99430.0
CH019-D0-Post-C-16S_S112_L001_R2_001,CH019,13785.0,85645.0,99430.0
CH019-D0-Post-S-16S_S111_L001_R1_001,CH019,7895.0,86433.0,94328.0
CH019-D0-Post-S-16S_S111_L001_R2_001,CH019,14867.0,79461.0,94328.0
CH019-D0-Pre-C-16S_S109_L001_R1_001,CH019,8283.0,81028.0,89311.0
CH019-D0-Pre-C-16S_S109_L001_R2_001,CH019,17165.0,72146.0,89311.0
CH019-D0-Pre-Chlor-16S_S110_L001_R1_001,CH019,6531.0,82100.0,88631.0
CH019-D0-Pre-Chlor-16S_S110_L001_R2_001,CH019,11143.0,77488.0,88631.0
CH019-D0-Pre-S-16S_S108_L001_R1_001,CH019,10177.0,106862.0,117039.0
CH019-D0-Pre-S-16S_S108_L001_R2_001,CH019,19037.0,98002.0,117039.0
CH019-D1-C-16S_S114_L001_R1_001,CH019,8718.0,78239.0,86957.0
CH019-D1-C-16S_S114_L001_R2_001,CH019,15970.0,70987.0,86957.0
CH019-D1-S-16S_S113_L001_R1_001,CH019,7429.0,65048.0,72477.0
CH019-D1-S-16S_S113_L001_R2_001,CH019,13695.0,58782.0,72477.0
CH019-D14-C-16S_S120_L001_R1_001,CH019,8239.0,74923.0,83162.0
CH019-D14-C-16S_S120_L001_R2_001,CH019,15422.0,67740.0,83162.0
CH019-D14-S-16S_S119_L001_R1_001,CH019,8018.0,74154.0,82172.0
CH019-D14-S-16S_S119_L001_R2_001,CH019,15460.0,66712.0,82172.0
CH019-D21-Air-16S_S123_L001_R1_001,CH019,6448.0,81758.0,88206.0
CH019-D21-Air-16S_S123_L001_R2_001,CH019,13025.0,75181.0,88206.0
CH019-D21-C-16S_S122_L001_R1_001,CH019,7176.0,76539.0,83715.0
CH019-D21-C-16S_S122_L001_R2_001,CH019,15080.0,68635.0,83715.0
CH019-D21-S-16S_S121_L001_R1_001,CH019,5654.0,51084.0,56738.0
CH019-D21-S-16S_S121_L001_R2_001,CH019,10647.0,46091.0,56738.0
CH019-D28-C-16S_S125_L001_R1_001,CH019,6226.0,70187.0,76413.0
CH019-D28-C-16S_S125_L001_R2_001,CH019,13037.0,63376.0,76413.0
CH019-D28-S-16S_S124_L001_R1_001,CH019,7885.0,97023.0,104908.0
CH019-D28-S-16S_S124_L001_R2_001,CH019,17206.0,87702.0,104908.0
CH019-D3-C-16S_S116_L001_R1_001,CH019,9455.0,85639.0,95094.0
CH019-D3-C-16S_S116_L001_R2_001,CH019,16624.0,78470.0,95094.0
CH019-D3-S-16S_S115_L001_R1_001,CH019,8760.0,88671.0,97431.0
CH019-D3-S-16S_S115_L001_R2_001,CH019,17625.0,79806.0,97431.0
CH019-D35-C-16S_S127_L001_R1_001,CH019,7191.0,81737.0,88928.0
CH019-D35-C-16S_S127_L001_R2_001,CH019,15231.0,73697.0,88928.0
CH019-D35-S-16S_S126_L001_R1_001,CH019,8061.0,74251.0,82312.0
CH019-D35-S-16S_S126_L001_R2_001,CH019,14710.0,67602.0,82312.0
CH019-D42-C-16S_S27_L001_R1_001,CH019,9673.0,73122.0,82795.0
CH019-D42-C-16S_S27_L001_R2_001,CH019,17762.0,65033.0,82795.0
CH019-D42-S-16S_S128_L001_R1_001,CH019,5829.0,64747.0,70576.0
CH019-D42-S-16S_S128_L001_R2_001,CH019,11776.0,58800.0,70576.0
CH019-D7-C-16S_S118_L001_R1_001,CH019,8550.0,73151.0,81701.0
CH019-D7-C-16S_S118_L001_R2_001,CH019,14586.0,67115.0,81701.0
CH019-D7-S-16S_S117_L001_R1_001,CH019,8060.0,68033.0,76093.0
CH019-D7-S-16S_S117_L001_R2_001,CH019,14943.0,61150.0,76093.0
CH020-Ad-Air-16S_S51_L001_R1_001,CH020,7823.0,39942.0,47765.0
CH020-Ad-Air-16S_S51_L001_R2_001,CH020,13996.0,33769.0,47765.0
CH020-Ad-C-16S_S50_L001_R1_001,CH020,7985.0,31947.0,39932.0
CH020-Ad-C-16S_S50_L001_R2_001,CH020,12919.0,27013.0,39932.0
CH020-Ad-S-16S_S49_L001_R1_001,CH020,7732.0,31358.0,39090.0
CH020-Ad-S-16S_S49_L001_R2_001,CH020,12999.0,26091.0,39090.0
CH020-D0-Post-C-16S_S56_L001_R1_001,CH020,9405.0,47908.0,57313.0
CH020-D0-Post-C-16S_S56_L001_R2_001,CH020,16995.0,40318.0,57313.0
CH020-D0-Post-S-16S_S55_L001_R1_001,CH020,8160.0,33829.0,41989.0
CH020-D0-Post-S-16S_S55_L001_R2_001,CH020,13413.0,28576.0,41989.0
CH020-D0-Pre-C-16S_S53_L001_R1_001,CH020,5815.0,20680.0,26495.0
CH020-D0-Pre-C-16S_S53_L001_R2_001,CH020,9389.0,17106.0,26495.0
CH020-D0-Pre-Chlor-16S_S54_L001_R1_001,CH020,8508.0,41150.0,49658.0
CH020-D0-Pre-Chlor-16S_S54_L001_R2_001,CH020,12731.0,36927.0,49658.0
CH020-D0-Pre-S-16S_S52_L001_R1_001,CH020,6988.0,23592.0,30580.0
CH020-D0-Pre-S-16S_S52_L001_R2_001,CH020,10871.0,19709.0,30580.0
CH020-D1-C-16S_S58_L001_R1_001,CH020,5130.0,16713.0,21843.0
CH020-D1-C-16S_S58_L001_R2_001,CH020,7948.0,13895.0,21843.0
CH020-D1-S-16S_S57_L001_R1_001,CH020,6126.0,24064.0,30190.0
CH020-D1-S-16S_S57_L001_R2_001,CH020,10124.0,20066.0,30190.0
CH020-D14-C-16S_S64_L001_R1_001,CH020,7724.0,41176.0,48900.0
CH020-D14-C-16S_S64_L001_R2_001,CH020,14047.0,34853.0,48900.0
CH020-D14-S-16S_S63_L001_R1_001,CH020,7261.0,41703.0,48964.0
CH020-D14-S-16S_S63_L001_R2_001,CH020,13038.0,35926.0,48964.0
CH020-D21-Air-16S_S67_L001_R1_001,CH020,8912.0,70627.0,79539.0
CH020-D21-Air-16S_S67_L001_R2_001,CH020,17305.0,62234.0,79539.0
CH020-D21-C-16S_S66_L001_R1_001,CH020,5758.0,25156.0,30914.0
CH020-D21-C-16S_S66_L001_R2_001,CH020,10461.0,20453.0,30914.0
CH020-D21-S-16S_S65_L001_R1_001,CH020,7228.0,33168.0,40396.0
CH020-D21-S-16S_S65_L001_R2_001,CH020,12039.0,28357.0,40396.0
CH020-D28-Air-16S_S70_L001_R1_001,CH020,10831.0,73298.0,84129.0
CH020-D28-Air-16S_S70_L001_R2_001,CH020,18537.0,65592.0,84129.0
CH020-D28-C-16S_S69_L001_R1_001,CH020,6765.0,33492.0,40257.0
CH020-D28-C-16S_S69_L001_R2_001,CH020,12370.0,27887.0,40257.0
CH020-D28-S-16S_S68_L001_R1_001,CH020,7495.0,40144.0,47639.0
CH020-D28-S-16S_S68_L001_R2_001,CH020,12925.0,34714.0,47639.0
CH020-D3-C-16S_S60_L001_R1_001,CH020,2551.0,6235.0,8786.0
CH020-D3-C-16S_S60_L001_R2_001,CH020,3987.0,4799.0,8786.0
CH020-D3-S-16S_S59_L001_R1_001,CH020,2473.0,6008.0,8481.0
CH020-D3-S-16S_S59_L001_R2_001,CH020,3810.0,4671.0,8481.0
CH020-D35-Air-16S_S97_L001_R1_001,CH020,6429.0,23474.0,29903.0
CH020-D35-Air-16S_S97_L001_R2_001,CH020,10722.0,19181.0,29903.0
CH020-D35-C-16S_S72_L001_R1_001,CH020,8424.0,43343.0,51767.0
CH020-D35-C-16S_S72_L001_R2_001,CH020,14876.0,36891.0,51767.0
CH020-D35-S-16S_S71_L001_R1_001,CH020,5614.0,40277.0,45891.0
CH020-D35-S-16S_S71_L001_R2_001,CH020,10293.0,35598.0,45891.0
CH020-D42-C-16S_S99_L001_R1_001,CH020,5889.0,21271.0,27160.0
CH020-D42-C-16S_S99_L001_R2_001,CH020,9188.0,17972.0,27160.0
CH020-D42-S-16S_S98_L001_R1_001,CH020,6050.0,21068.0,27118.0
CH020-D42-S-16S_S98_L001_R2_001,CH020,8838.0,18280.0,27118.0
CH020-D7-C-16S_S62_L001_R1_001,CH020,6482.0,27892.0,34374.0
CH020-D7-C-16S_S62_L001_R2_001,CH020,10956.0,23418.0,34374.0
CH020-D7-S-16S_S61_L001_R1_001,CH020,5789.0,26628.0,32417.0
CH020-D7-S-16S_S61_L001_R2_001,CH020,9716.0,22701.0,32417.0
CH021-Ad-Air-16S_S155_L001_R1_001,CH021,6142.0,80410.0,86552.0
CH021-Ad-Air-16S_S155_L001_R2_001,CH021,11552.0,75000.0,86552.0
CH021-Ad-C-16S_S154_L001_R1_001,CH021,7224.0,79933.0,87157.0
CH021-Ad-C-16S_S154_L001_R2_001,CH021,12387.0,74770.0,87157.0
CH021-Ad-S-16S_S153_L001_R1_001,CH021,8168.0,81295.0,89463.0
CH021-Ad-S-16S_S153_L001_R2_001,CH021,18074.0,71389.0,89463.0
CH021-D0-Post-C-16S_S159_L001_R1_001,CH021,6451.0,75854.0,82305.0
CH021-D0-Post-C-16S_S159_L001_R2_001,CH021,13073.0,69232.0,82305.0
CH021-D0-Post-Chlor-16S_S160_L001_R1_001,CH021,10299.0,91696.0,101995.0
CH021-D0-Post-Chlor-16S_S160_L001_R2_001,CH021,17223.0,84772.0,101995.0
CH021-D0-Post-S-16S_S158_L001_R1_001,CH021,7182.0,39938.0,47120.0
CH021-D0-Post-S-16S_S158_L001_R2_001,CH021,17997.0,29123.0,47120.0
CH021-D0-Pre-C-16S_S157_L001_R1_001,CH021,7088.0,82144.0,89232.0
CH021-D0-Pre-C-16S_S157_L001_R2_001,CH021,14026.0,75206.0,89232.0
CH021-D0-Pre-S-16S_S156_L001_R1_001,CH021,7322.0,82287.0,89609.0
CH021-D0-Pre-S-16S_S156_L001_R2_001,CH021,14504.0,75105.0,89609.0
CH021-D1-C-16S_S162_L001_R1_001,CH021,8458.0,97508.0,105966.0
CH021-D1-C-16S_S162_L001_R2_001,CH021,16087.0,89879.0,105966.0
CH021-D1-S-16S_S161_L001_R1_001,CH021,8656.0,88625.0,97281.0
CH021-D1-S-16S_S161_L001_R2_001,CH021,16594.0,80687.0,97281.0
CH021-D14-C-16S_S168_L001_R1_001,CH021,8005.0,96794.0,104799.0
CH021-D14-C-16S_S168_L001_R2_001,CH021,16489.0,88310.0,104799.0
CH021-D14-S-16S_S167_L001_R1_001,CH021,7172.0,88631.0,95803.0
CH021-D14-S-16S_S167_L001_R2_001,CH021,14736.0,81067.0,95803.0
CH021-D21-C-16S_S170_L001_R1_001,CH021,7231.0,94794.0,102025.0
CH021-D21-C-16S_S170_L001_R2_001,CH021,14072.0,87953.0,102025.0
CH021-D21-S-16S_S169_L001_R1_001,CH021,7254.0,82818.0,90072.0
CH021-D21-S-16S_S169_L001_R2_001,CH021,14621.0,75451.0,90072.0
CH021-D28-Air-16S_S173_L001_R1_001,CH021,8410.0,116762.0,125172.0
CH021-D28-Air-16S_S173_L001_R2_001,CH021,17485.0,107687.0,125172.0
CH021-D28-C-16S_S172_L001_R1_001,CH021,3963.0,67768.0,71731.0
CH021-D28-C-16S_S172_L001_R2_001,CH021,9326.0,62405.0,71731.0
CH021-D28-S-16S_S171_L001_R1_001,CH021,7391.0,99316.0,106707.0
CH021-D28-S-16S_S171_L001_R2_001,CH021,15359.0,91348.0,106707.0
CH021-D3-C-16S_S164_L001_R1_001,CH021,6417.0,84668.0,91085.0
CH021-D3-C-16S_S164_L001_R2_001,CH021,14169.0,76916.0,91085.0
CH021-D3-S-16S_S163_L001_R1_001,CH021,5224.0,89970.0,95194.0
CH021-D3-S-16S_S163_L001_R2_001,CH021,13148.0,82046.0,95194.0
CH021-D35-C-16S_S175_L001_R1_001,CH021,5516.0,63427.0,68943.0
CH021-D35-C-16S_S175_L001_R2_001,CH021,10796.0,58147.0,68943.0
CH021-D35-S-16S_S174_L001_R1_001,CH021,12020.0,123593.0,135613.0
CH021-D35-S-16S_S174_L001_R2_001,CH021,24143.0,111470.0,135613.0
CH021-D42-C-16S_S28_L001_R1_001,CH021,8913.0,89844.0,98757.0
CH021-D42-C-16S_S28_L001_R2_001,CH021,14445.0,84312.0,98757.0
CH021-D42-S-16S_S176_L001_R1_001,CH021,8775.0,91413.0,100188.0
CH021-D42-S-16S_S176_L001_R2_001,CH021,17058.0,83130.0,100188.0
CH021-D7-C-16S_S166_L001_R1_001,CH021,8837.0,98347.0,107184.0
CH021-D7-C-16S_S166_L001_R2_001,CH021,16890.0,90294.0,107184.0
CH021-D7-S-16S_S165_L001_R1_001,CH021,7166.0,105089.0,112255.0
CH021-D7-S-16S_S165_L001_R2_001,CH021,14781.0,97474.0,112255.0
CH022-Ad-Air-16S_S105_L001_R1_001,CH022,3478.0,6749.0,10227.0
CH022-Ad-Air-16S_S105_L001_R2_001,CH022,4423.0,5804.0,10227.0
CH022-Ad-C-16S_S104_L001_R1_001,CH022,6763.0,50625.0,57388.0
CH022-Ad-C-16S_S104_L001_R2_001,CH022,12140.0,45248.0,57388.0
CH022-Ad-S-16S_S103_L001_R1_001,CH022,3483.0,39777.0,43260.0
CH022-Ad-S-16S_S103_L001_R2_001,CH022,7415.0,35845.0,43260.0
CH022-D0-Post-C-16S_S110_L001_R1_001,CH022,6384.0,34394.0,40778.0
CH022-D0-Post-C-16S_S110_L001_R2_001,CH022,16429.0,24349.0,40778.0
CH022-D0-Post-S-16S_S109_L001_R1_001,CH022,5499.0,29034.0,34533.0
CH022-D0-Post-S-16S_S109_L001_R2_001,CH022,9395.0,25138.0,34533.0
CH022-D0-Pre-C-16S_S107_L001_R1_001,CH022,7887.0,60707.0,68594.0
CH022-D0-Pre-C-16S_S107_L001_R2_001,CH022,14758.0,53836.0,68594.0
CH022-D0-Pre-Chlor-16S_S108_L001_R1_001,CH022,6356.0,28573.0,34929.0
CH022-D0-Pre-Chlor-16S_S108_L001_R2_001,CH022,9692.0,25237.0,34929.0
CH022-D0-Pre-S-16S_S106_L001_R1_001,CH022,5934.0,25798.0,31732.0
CH022-D0-Pre-S-16S_S106_L001_R2_001,CH022,9058.0,22674.0,31732.0
CH022-D1-C-16S_S112_L001_R1_001,CH022,6590.0,42818.0,49408.0
CH022-D1-C-16S_S112_L001_R2_001,CH022,11267.0,38141.0,49408.0
CH022-D1-S-16S_S111_L001_R1_001,CH022,5321.0,32898.0,38219.0
CH022-D1-S-16S_S111_L001_R2_001,CH022,9405.0,28814.0,38219.0
CH022-D14-C-16S_S118_L001_R1_001,CH022,6182.0,39223.0,45405.0
CH022-D14-C-16S_S118_L001_R2_001,CH022,10836.0,34569.0,45405.0
CH022-D14-S-16S_S117_L001_R1_001,CH022,4866.0,30445.0,35311.0
CH022-D14-S-16S_S117_L001_R2_001,CH022,9216.0,26095.0,35311.0
CH022-D21-Air-16S_S121_L001_R1_001,CH022,5757.0,22262.0,28019.0
CH022-D21-Air-16S_S121_L001_R2_001,CH022,8707.0,19312.0,28019.0
CH022-D21-C-16S_S120_L001_R1_001,CH022,7507.0,38834.0,46341.0
CH022-D21-C-16S_S120_L001_R2_001,CH022,12212.0,34129.0,46341.0
CH022-D21-S-16S_S119_L001_R1_001,CH022,7100.0,52749.0,59849.0
CH022-D21-S-16S_S119_L001_R2_001,CH022,12851.0,46998.0,59849.0
CH022-D28-C-16S_S123_L001_R1_001,CH022,8166.0,60879.0,69045.0
CH022-D28-C-16S_S123_L001_R2_001,CH022,15253.0,53792.0,69045.0
CH022-D28-S-16S_S122_L001_R1_001,CH022,7067.0,57180.0,64247.0
CH022-D28-S-16S_S122_L001_R2_001,CH022,13397.0,50850.0,64247.0
CH022-D3-C-16S_S114_L001_R1_001,CH022,7239.0,48560.0,55799.0
CH022-D3-C-16S_S114_L001_R2_001,CH022,12564.0,43235.0,55799.0
CH022-D3-S-16S_S113_L001_R1_001,CH022,7363.0,52352.0,59715.0
CH022-D3-S-16S_S113_L001_R2_001,CH022,12963.0,46752.0,59715.0
CH022-D35-C-16S_S125_L001_R1_001,CH022,9717.0,58366.0,68083.0
CH022-D35-C-16S_S125_L001_R2_001,CH022,16833.0,51250.0,68083.0
CH022-D35-S-16S_S124_L001_R1_001,CH022,10782.0,76627.0,87409.0
CH022-D35-S-16S_S124_L001_R2_001,CH022,17984.0,69425.0,87409.0
CH022-D42-C-16S_S151_L001_R1_001,CH022,8444.0,48312.0,56756.0
CH022-D42-C-16S_S151_L001_R2_001,CH022,14636.0,42120.0,56756.0
CH022-D42-S-16S_S126_L001_R1_001,CH022,6585.0,42517.0,49102.0
CH022-D42-S-16S_S126_L001_R2_001,CH022,11828.0,37274.0,49102.0
CH022-D7-C-16S_S116_L001_R1_001,CH022,4953.0,17340.0,22293.0
CH022-D7-C-16S_S116_L001_R2_001,CH022,7123.0,15170.0,22293.0
CH022-D7-S-16S_S115_L001_R1_001,CH022,3435.0,9091.0,12526.0
CH022-D7-S-16S_S115_L001_R2_001,CH022,5456.0,7070.0,12526.0
CH023-Ad-Air-16S_S203_L001_R1_001,CH023,5203.0,65588.0,70791.0
CH023-Ad-Air-16S_S203_L001_R2_001,CH023,9331.0,61460.0,70791.0
CH023-Ad-C-16S_S202_L001_R1_001,CH023,9446.0,112153.0,121599.0
CH023-Ad-C-16S_S202_L001_R2_001,CH023,16248.0,105351.0,121599.0
CH023-Ad-S-16S_S201_L001_R1_001,CH023,7094.0,80118.0,87212.0
CH023-Ad-S-16S_S201_L001_R2_001,CH023,12859.0,74353.0,87212.0
CH023-D0-Post-C-16S_S209_L001_R1_001,CH023,7248.0,88841.0,96089.0
CH023-D0-Post-C-16S_S209_L001_R2_001,CH023,13834.0,82255.0,96089.0
CH023-D0-Post-S-16S_S208_L001_R1_001,CH023,11714.0,85257.0,96971.0
CH023-D0-Post-S-16S_S208_L001_R2_001,CH023,19366.0,77605.0,96971.0
CH023-D0-Pre-Air-16S_S206_L001_R1_001,CH023,6349.0,92612.0,98961.0
CH023-D0-Pre-Air-16S_S206_L001_R2_001,CH023,12809.0,86152.0,98961.0
CH023-D0-Pre-C-16S_S205_L001_R1_001,CH023,7070.0,108001.0,115071.0
CH023-D0-Pre-C-16S_S205_L001_R2_001,CH023,15440.0,99631.0,115071.0
CH023-D0-Pre-Chlor-16S_S207_L001_R1_001,CH023,8713.0,54695.0,63408.0
CH023-D0-Pre-Chlor-16S_S207_L001_R2_001,CH023,13849.0,49559.0,63408.0
CH023-D0-Pre-S-16S_S204_L001_R1_001,CH023,9142.0,101901.0,111043.0
CH023-D0-Pre-S-16S_S204_L001_R2_001,CH023,18105.0,92938.0,111043.0
CH023-D14-C-16S_S215_L001_R1_001,CH023,7150.0,75434.0,82584.0
CH023-D14-C-16S_S215_L001_R2_001,CH023,13318.0,69266.0,82584.0
CH023-D14-S-16S_S214_L001_R1_001,CH023,9337.0,82694.0,92031.0
CH023-D14-S-16S_S214_L001_R2_001,CH023,16847.0,75184.0,92031.0
CH023-D21-Air-16S_S218_L001_R1_001,CH023,7316.0,81970.0,89286.0
CH023-D21-Air-16S_S218_L001_R2_001,CH023,13767.0,75519.0,89286.0
CH023-D21-C-16S_S217_L001_R1_001,CH023,7960.0,102395.0,110355.0
CH023-D21-C-16S_S217_L001_R2_001,CH023,15370.0,94985.0,110355.0
CH023-D21-S-16S_S216_L001_R1_001,CH023,5884.0,76278.0,82162.0
CH023-D21-S-16S_S216_L001_R2_001,CH023,11548.0,70614.0,82162.0
CH023-D28-C-16S_S220_L001_R1_001,CH023,5461.0,74982.0,80443.0
CH023-D28-C-16S_S220_L001_R2_001,CH023,10606.0,69837.0,80443.0
CH023-D28-S-16S_S219_L001_R1_001,CH023,7530.0,92558.0,100088.0
CH023-D28-S-16S_S219_L001_R2_001,CH023,14787.0,85301.0,100088.0
CH023-D35-C-16S_S222_L001_R1_001,CH023,7250.0,98375.0,105625.0
CH023-D35-C-16S_S222_L001_R2_001,CH023,14574.0,91051.0,105625.0
CH023-D35-S-16S_S221_L001_R1_001,CH023,6666.0,95067.0,101733.0
CH023-D35-S-16S_S221_L001_R2_001,CH023,13352.0,88381.0,101733.0
CH023-D4-C-16S_S211_L001_R1_001,CH023,7447.0,53474.0,60921.0
CH023-D4-C-16S_S211_L001_R2_001,CH023,12155.0,48766.0,60921.0
CH023-D4-S-16S_S210_L001_R1_001,CH023,8654.0,89704.0,98358.0
CH023-D4-S-16S_S210_L001_R2_001,CH023,15030.0,83328.0,98358.0
CH023-D42-C-16S_S224_L001_R1_001,CH023,5667.0,73671.0,79338.0
CH023-D42-C-16S_S224_L001_R2_001,CH023,11985.0,67353.0,79338.0
CH023-D42-S-16S_S223_L001_R1_001,CH023,6609.0,74149.0,80758.0
CH023-D42-S-16S_S223_L001_R2_001,CH023,12894.0,67864.0,80758.0
CH023-D7-C-16S_S213_L001_R1_001,CH023,7286.0,87443.0,94729.0
CH023-D7-C-16S_S213_L001_R2_001,CH023,13864.0,80865.0,94729.0
CH023-D7-S-16S_S212_L001_R1_001,CH023,10154.0,97065.0,107219.0
CH023-D7-S-16S_S212_L001_R2_001,CH023,18006.0,89213.0,107219.0
CH024-Ad-Air-16S_S159_L001_R1_001,CH024,8315.0,44467.0,52782.0
CH024-Ad-Air-16S_S159_L001_R2_001,CH024,14186.0,38596.0,52782.0
CH024-Ad-C-16S_S158_L001_R1_001,CH024,7285.0,33480.0,40765.0
CH024-Ad-C-16S_S158_L001_R2_001,CH024,11140.0,29625.0,40765.0
CH024-Ad-S-16S_S157_L001_R1_001,CH024,10419.0,68810.0,79229.0
CH024-Ad-S-16S_S157_L001_R2_001,CH024,22823.0,56406.0,79229.0
CH024-D0-Post-C-16S_S164_L001_R1_001,CH024,10791.0,65638.0,76429.0
CH024-D0-Post-C-16S_S164_L001_R2_001,CH024,18931.0,57498.0,76429.0
CH024-D0-Post-S-16S_S163_L001_R1_001,CH024,2953.0,8810.0,11763.0
CH024-D0-Post-S-16S_S163_L001_R2_001,CH024,4992.0,6771.0,11763.0
CH024-D0-Pre-C-16S_S161_L001_R1_001,CH024,4080.0,9660.0,13740.0
CH024-D0-Pre-C-16S_S161_L001_R2_001,CH024,5681.0,8059.0,13740.0
CH024-D0-Pre-Chlor-16S_S162_L001_R1_001,CH024,8882.0,52819.0,61701.0
CH024-D0-Pre-Chlor-16S_S162_L001_R2_001,CH024,14085.0,47616.0,61701.0
CH024-D0-Pre-S-16S_S160_L001_R1_001,CH024,5727.0,16736.0,22463.0
CH024-D0-Pre-S-16S_S160_L001_R2_001,CH024,8705.0,13758.0,22463.0
CH024-D1-C-16S_S166_L001_R1_001,CH024,13417.0,100629.0,114046.0
CH024-D1-C-16S_S166_L001_R2_001,CH024,23417.0,90629.0,114046.0
CH024-D1-S-16S_S165_L001_R1_001,CH024,11361.0,74212.0,85573.0
CH024-D1-S-16S_S165_L001_R2_001,CH024,20462.0,65111.0,85573.0
CH024-D14-C-16S_S172_L001_R1_001,CH024,11417.0,55636.0,67053.0
CH024-D14-C-16S_S172_L001_R2_001,CH024,19639.0,47414.0,67053.0
CH024-D14-S-16S_S171_L001_R1_001,CH024,10293.0,60069.0,70362.0
CH024-D14-S-16S_S171_L001_R2_001,CH024,17884.0,52478.0,70362.0
CH024-D21-Air-16S_S175_L001_R1_001,CH024,8480.0,47072.0,55552.0
CH024-D21-Air-16S_S175_L001_R2_001,CH024,16376.0,39176.0,55552.0
CH024-D21-C-16S_S174_L001_R1_001,CH024,9138.0,51204.0,60342.0
CH024-D21-C-16S_S174_L001_R2_001,CH024,16033.0,44309.0,60342.0
CH024-D21-S-16S_S173_L001_R1_001,CH024,8617.0,63058.0,71675.0
CH024-D21-S-16S_S173_L001_R2_001,CH024,16174.0,55501.0,71675.0
CH024-D28-C-16S_S177_L001_R1_001,CH024,11163.0,68547.0,79710.0
CH024-D28-C-16S_S177_L001_R2_001,CH024,21147.0,58563.0,79710.0
CH024-D28-S-16S_S176_L001_R1_001,CH024,8404.0,42779.0,51183.0
CH024-D28-S-16S_S176_L001_R2_001,CH024,15645.0,35538.0,51183.0
CH024-D3-C-16S_S168_L001_R1_001,CH024,13131.0,82093.0,95224.0
CH024-D3-C-16S_S168_L001_R2_001,CH024,23685.0,71539.0,95224.0
CH024-D3-S-16S_S167_L001_R1_001,CH024,10553.0,68206.0,78759.0
CH024-D3-S-16S_S167_L001_R2_001,CH024,19058.0,59701.0,78759.0
CH024-D35-C-16S_S179_L001_R1_001,CH024,5853.0,39219.0,45072.0
CH024-D35-C-16S_S179_L001_R2_001,CH024,10717.0,34355.0,45072.0
CH024-D35-S-16S_S178_L001_R1_001,CH024,12821.0,86263.0,99084.0
CH024-D35-S-16S_S178_L001_R2_001,CH024,24401.0,74683.0,99084.0
CH024-D42-C-16S_S153_L001_R1_001,CH024,8322.0,43685.0,52007.0
CH024-D42-C-16S_S153_L001_R2_001,CH024,14738.0,37269.0,52007.0
CH024-D42-S-16S_S180_L001_R1_001,CH024,12941.0,78334.0,91275.0
CH024-D42-S-16S_S180_L001_R2_001,CH024,24227.0,67048.0,91275.0
CH024-D7-C-16S_S170_L001_R1_001,CH024,10279.0,63784.0,74063.0
CH024-D7-C-16S_S170_L001_R2_001,CH024,17809.0,56254.0,74063.0
CH024-D7-S-16S_S169_L001_R1_001,CH024,13717.0,99939.0,113656.0
CH024-D7-S-16S_S169_L001_R2_001,CH024,24824.0,88832.0,113656.0
CH025-Ad-Air-16S_S207_L001_R1_001,CH025,9597.0,67196.0,76793.0
CH025-Ad-Air-16S_S207_L001_R2_001,CH025,15598.0,61195.0,76793.0
CH025-Ad-C-16S_S206_L001_R1_001,CH025,16143.0,152516.0,168659.0
CH025-Ad-C-16S_S206_L001_R2_001,CH025,30097.0,138562.0,168659.0
CH025-Ad-S-16S_S205_L001_R1_001,CH025,13048.0,112108.0,125156.0
CH025-Ad-S-16S_S205_L001_R2_001,CH025,24893.0,100263.0,125156.0
CH025-D0-Post-C-16S_S212_L001_R1_001,CH025,13508.0,124952.0,138460.0
CH025-D0-Post-C-16S_S212_L001_R2_001,CH025,25290.0,113170.0,138460.0
CH025-D0-Post-S-16S_S211_L001_R1_001,CH025,9980.0,79570.0,89550.0
CH025-D0-Post-S-16S_S211_L001_R2_001,CH025,17711.0,71839.0,89550.0
CH025-D0-Pre-C-16S_S209_L001_R1_001,CH025,13008.0,120682.0,133690.0
CH025-D0-Pre-C-16S_S209_L001_R2_001,CH025,25166.0,108524.0,133690.0
CH025-D0-Pre-Chlor-16S_S210_L001_R1_001,CH025,10176.0,82702.0,92878.0
CH025-D0-Pre-Chlor-16S_S210_L001_R2_001,CH025,17784.0,75094.0,92878.0
CH025-D0-Pre-S-16S_S208_L001_R1_001,CH025,10856.0,88591.0,99447.0
CH025-D0-Pre-S-16S_S208_L001_R2_001,CH025,21053.0,78394.0,99447.0
CH025-D1-C-16S_S214_L001_R1_001,CH025,12828.0,114911.0,127739.0
CH025-D1-C-16S_S214_L001_R2_001,CH025,22878.0,104861.0,127739.0
CH025-D1-S-16S_S213_L001_R1_001,CH025,9829.0,97678.0,107507.0
CH025-D1-S-16S_S213_L001_R2_001,CH025,18787.0,88720.0,107507.0
CH025-D14-C-16S_S220_L001_R1_001,CH025,9327.0,51321.0,60648.0
CH025-D14-C-16S_S220_L001_R2_001,CH025,16489.0,44159.0,60648.0
CH025-D14-S-16S_S219_L001_R1_001,CH025,9599.0,60361.0,69960.0
CH025-D14-S-16S_S219_L001_R2_001,CH025,16888.0,53072.0,69960.0
CH025-D21-Air-16S_S223_L001_R1_001,CH025,7673.0,85517.0,93190.0
CH025-D21-Air-16S_S223_L001_R2_001,CH025,15988.0,77202.0,93190.0
CH025-D21-C-16S_S222_L001_R1_001,CH025,11125.0,84655.0,95780.0
CH025-D21-C-16S_S222_L001_R2_001,CH025,18724.0,77056.0,95780.0
CH025-D21-S-16S_S221_L001_R1_001,CH025,16853.0,229253.0,246106.0
CH025-D21-S-16S_S221_L001_R2_001,CH025,37168.0,208938.0,246106.0
CH025-D28-C-16S_S225_L001_R1_001,CH025,9814.0,99755.0,109569.0
CH025-D28-C-16S_S225_L001_R2_001,CH025,18763.0,90806.0,109569.0
CH025-D28-S-16S_S224_L001_R1_001,CH025,10427.0,102530.0,112957.0
CH025-D28-S-16S_S224_L001_R2_001,CH025,20999.0,91958.0,112957.0
CH025-D3-C-16S_S216_L001_R1_001,CH025,8568.0,47760.0,56328.0
CH025-D3-C-16S_S216_L001_R2_001,CH025,14293.0,42035.0,56328.0
CH025-D3-S-16S_S215_L001_R1_001,CH025,8260.0,53829.0,62089.0
CH025-D3-S-16S_S215_L001_R2_001,CH025,14736.0,47353.0,62089.0
CH025-D35-C-16S_S227_L001_R1_001,CH025,10077.0,88062.0,98139.0
CH025-D35-C-16S_S227_L001_R2_001,CH025,19542.0,78597.0,98139.0
CH025-D35-S-16S_S226_L001_R1_001,CH025,22159.0,256710.0,278869.0
CH025-D35-S-16S_S226_L001_R2_001,CH025,45584.0,233285.0,278869.0
CH025-D42-C-16S_S155_L001_R1_001,CH025,10391.0,43980.0,54371.0
CH025-D42-C-16S_S155_L001_R2_001,CH025,16646.0,37725.0,54371.0
CH025-D42-S-16S_S228_L001_R1_001,CH025,8751.0,99133.0,107884.0
CH025-D42-S-16S_S228_L001_R2_001,CH025,18743.0,89141.0,107884.0
CH025-D7-C-16S_S218_L001_R1_001,CH025,13422.0,127656.0,141078.0
CH025-D7-C-16S_S218_L001_R2_001,CH025,26130.0,114948.0,141078.0
CH025-D7-S-16S_S217_L001_R1_001,CH025,7041.0,69871.0,76912.0
CH025-D7-S-16S_S217_L001_R2_001,CH025,14708.0,62204.0,76912.0
Chlor1-16S_S89_L001_R1_001,Chlor,5152.0,35843.0,40995.0
Chlor1-16S_S89_L001_R2_001,Chlor,9512.0,31483.0,40995.0
Chlor1b-16S_S220_L001_R1_001,Chlor,10096.0,108815.0,118911.0
Chlor1b-16S_S220_L001_R2_001,Chlor,21367.0,97544.0,118911.0
Chlor2-16S_S90_L001_R1_001,Chlor,5945.0,41488.0,47433.0
Chlor2-16S_S90_L001_R2_001,Chlor,10385.0,37048.0,47433.0
Chlor2b-16S_S221_L001_R1_001,Chlor,8198.0,70877.0,79075.0
Chlor2b-16S_S221_L001_R2_001,Chlor,15641.0,63434.0,79075.0
Chlor3-16S_S91_L001_R1_001,Chlor,8276.0,65146.0,73422.0
Chlor3-16S_S91_L001_R2_001,Chlor,14540.0,58882.0,73422.0
Chlor3b-16S_S222_L001_R1_001,Chlor,11183.0,117485.0,128668.0
Chlor3b-16S_S222_L001_R2_001,Chlor,26462.0,102206.0,128668.0
CH1KitCtrl1-16S_S216_L001_R1_001,Kit,8406.0,137544.0,145950.0
CH1KitCtrl1-16S_S216_L001_R2_001,Kit,22790.0,123160.0,145950.0
CH2KitCtrl1-16S_S217_L001_R1_001,Kit,9332.0,79791.0,89123.0
CH2KitCtrl1-16S_S217_L001_R2_001,Kit,17831.0,71292.0,89123.0
CH2KitCtrl2-16S_S218_L001_R1_001,Kit,10853.0,111487.0,122340.0
CH2KitCtrl2-16S_S218_L001_R2_001,Kit,23477.0,98863.0,122340.0
CH3KitCtrl1-16S_S219_L001_R1_001,Kit,13869.0,147188.0,161057.0
CH3KitCtrl1-16S_S219_L001_R2_001,Kit,30173.0,130884.0,161057.0
CH4-Kit-Ctrl-16S_S23_L001_R1_001,Kit,6615.0,61982.0,68597.0
CH4-Kit-Ctrl-16S_S23_L001_R2_001,Kit,12622.0,55975.0,68597.0
CH5-Kit-Ctrl-16S_S24_L001_R1_001,Kit,9473.0,66242.0,75715.0
CH5-Kit-Ctrl-16S_S24_L001_R2_001,Kit,17607.0,58108.0,75715.0
CH5b-Kit-Ctrl-16S_S26_L001_R1_001,Kit,7792.0,72296.0,80088.0
CH5b-Kit-Ctrl-16S_S26_L001_R2_001,Kit,14074.0,66014.0,80088.0
CH6-Kit-Ctrl-16S_S80_L001_R1_001,Kit,7737.0,59921.0,67658.0
CH6-Kit-Ctrl-16S_S80_L001_R2_001,Kit,12119.0,55539.0,67658.0
Kit1-16S_S92_L001_R1_001,Kit,7802.0,54766.0,62568.0
Kit1-16S_S92_L001_R2_001,Kit,12587.0,49981.0,62568.0
Kit2-16S_S93_L001_R1_001,Kit,6421.0,43619.0,50040.0
Kit2-16S_S93_L001_R2_001,Kit,11593.0,38447.0,50040.0
